Datetime,Water Level (m)
2025-03-25 00:00:00,-0.019508313
2025-03-25 01:00:00,-0.027634783
2025-03-25 02:00:00,-0.038076364
2025-03-25 03:00:00,-0.04965178
2025-03-25 04:00:00,-0.061203066
2025-03-25 05:00:00,-0.07010493
2025-03-25 06:00:00,-0.07448764
2025-03-25 07:00:00,-0.07415186
2025-03-25 08:00:00,-0.07070238
2025-03-25 09:00:00,-0.06751645
2025-03-25 10:00:00,-0.067891605
2025-03-25 11:00:00,-0.07231357
2025-03-25 12:00:00,-0.080424175
2025-03-25 13:00:00,-0.09092909
2025-03-25 14:00:00,-0.10288378
2025-03-25 15:00:00,-0.11538725
2025-03-25 16:00:00,-0.12625784
2025-03-25 17:00:00,-0.13236485
2025-03-25 18:00:00,-0.13184424
2025-03-25 19:00:00,-0.12436222
2025-03-25 20:00:00,-0.112515874
2025-03-25 21:00:00,-0.099138886
2025-03-25 22:00:00,-0.08692395
2025-03-25 23:00:00,-0.07937623
2025-03-26 00:00:00,-0.07763455
2025-03-26 01:00:00,-0.08123652
2025-03-26 02:00:00,-0.0887253
2025-03-26 03:00:00,-0.09846627
2025-03-26 04:00:00,-0.109500155
2025-03-26 05:00:00,-0.119680844
2025-03-26 06:00:00,-0.12544586
2025-03-26 07:00:00,-0.124796815
2025-03-26 08:00:00,-0.117748745
2025-03-26 09:00:00,-0.10765762
2025-03-26 10:00:00,-0.09820227
2025-03-26 11:00:00,-0.09274166
2025-03-26 12:00:00,-0.09258157
2025-03-26 13:00:00,-0.09713204
2025-03-26 14:00:00,-0.10460225
2025-03-26 15:00:00,-0.113667
2025-03-26 16:00:00,-0.12487002
2025-03-26 17:00:00,-0.13416767
2025-03-26 18:00:00,-0.13769326
2025-03-26 19:00:00,-0.13347165
2025-03-26 20:00:00,-0.1203237
2025-03-26 21:00:00,-0.10298682
2025-03-26 22:00:00,-0.0843197
2025-03-26 23:00:00,-0.067844056
2025-03-27 00:00:00,-0.056856327
2025-03-27 01:00:00,-0.052561983
2025-03-27 02:00:00,-0.05415754
2025-03-27 03:00:00,-0.06054313
2025-03-27 04:00:00,-0.07009617
2025-03-27 05:00:00,-0.08081194
2025-03-27 06:00:00,-0.08874836
2025-03-27 07:00:00,-0.08978773
2025-03-27 08:00:00,-0.083036974
2025-03-27 09:00:00,-0.06921865
2025-03-27 10:00:00,-0.053695172
2025-03-27 11:00:00,-0.0387418
2025-03-27 12:00:00,-0.0285456
2025-03-27 13:00:00,-0.024935782
2025-03-27 14:00:00,-0.026350431
2025-03-27 15:00:00,-0.031763323
2025-03-27 16:00:00,-0.041339915
2025-03-27 17:00:00,-0.05190853
2025-03-27 18:00:00,-0.059514374
2025-03-27 19:00:00,-0.059542675
2025-03-27 20:00:00,-0.04934025
2025-03-27 21:00:00,-0.030343175
2025-03-27 22:00:00,-0.007662228
2025-03-27 23:00:00,0.014518878
2025-03-28 00:00:00,0.032788403
2025-03-28 01:00:00,0.043434884
2025-03-28 02:00:00,0.047014564
2025-03-28 03:00:00,0.044535067
2025-03-28 04:00:00,0.036912367
2025-03-28 05:00:00,0.026294203
2025-03-28 06:00:00,0.015198153
2025-03-28 07:00:00,0.008748272
2025-03-28 08:00:00,0.011303141
2025-03-28 09:00:00,0.02555489
2025-03-28 10:00:00,0.04513134
2025-03-28 11:00:00,0.06698494
2025-03-28 12:00:00,0.0863184
2025-03-28 13:00:00,0.10162943
2025-03-28 14:00:00,0.10495695
2025-03-28 15:00:00,0.10190288
2025-03-28 16:00:00,0.09434154
2025-03-28 17:00:00,0.08392471
2025-03-28 18:00:00,0.07261882
2025-03-28 19:00:00,0.066429935
2025-03-28 20:00:00,0.069073424
2025-03-28 21:00:00,0.084925294
2025-03-28 22:00:00,0.10633644
2025-03-28 23:00:00,0.13082112
2025-03-29 00:00:00,0.15051673
2025-03-29 01:00:00,0.16239733
2025-03-29 02:00:00,0.16553326
2025-03-29 03:00:00,0.16030273
2025-03-29 04:00:00,0.1518925
2025-03-29 05:00:00,0.1405722
2025-03-29 06:00:00,0.12797453
2025-03-29 07:00:00,0.11607367
2025-03-29 08:00:00,0.11059569
2025-03-29 09:00:00,0.11618537
2025-03-29 10:00:00,0.13329203
2025-03-29 11:00:00,0.1534666
2025-03-29 12:00:00,0.17235221
2025-03-29 13:00:00,0.18632793
2025-03-29 14:00:00,0.19202486
2025-03-29 15:00:00,0.18968996
2025-03-29 16:00:00,0.1805268
2025-03-29 17:00:00,0.16922432
2025-03-29 18:00:00,0.15593393
2025-03-29 19:00:00,0.14289145
2025-03-29 20:00:00,0.13523373
2025-03-29 21:00:00,0.13767213
2025-03-29 22:00:00,0.15380564
2025-03-29 23:00:00,0.174451
2025-03-30 00:00:00,0.19510873
2025-03-30 01:00:00,0.20939454
2025-03-30 02:00:00,0.21513897
2025-03-30 03:00:00,0.21271794
2025-03-30 04:00:00,0.20428967
2025-03-30 05:00:00,0.19252823
2025-03-30 06:00:00,0.17879096
2025-03-30 07:00:00,0.1641178
2025-03-30 08:00:00,0.15243573
2025-03-30 09:00:00,0.14938456
2025-03-30 10:00:00,0.16171351
2025-03-30 11:00:00,0.18257351
2025-03-30 12:00:00,0.20609328
2025-03-30 13:00:00,0.22476202
2025-03-30 14:00:00,0.23556696
2025-03-30 15:00:00,0.2377686
2025-03-30 16:00:00,0.23237967
2025-03-30 17:00:00,0.221924
2025-03-30 18:00:00,0.2092182
2025-03-30 19:00:00,0.19507368
2025-03-30 20:00:00,0.1824141
2025-03-30 21:00:00,0.17709553
2025-03-30 22:00:00,0.18463516
2025-03-30 23:00:00,0.20303337
2025-03-31 00:00:00,0.22463535
